[
  {
    "model": "accounts.petseeker",
    "pk": 5,
    "fields": {
      "password": "pbkdf2_sha256$600000$dSU0EQ3ZEMbBa9upq2xaCU$MWxvX/M5EilmSKdOxyyZSAI9H3EiN0Innsz0rylSk5U=",
      "last_login": null,
      "is_superuser": false,
      "username": "seeker1",
      "first_name": "jack",
      "last_name": "sun",
      "email": "jack1@gmail.com",
      "is_staff": false,
      "is_active": true,
      "date_joined": "2023-11-12T00:50:08.209Z",
      "profile_image": "",
      "location": "Canada",
      "groups": [],
      "user_permissions": []
    }
  },
  {
    "model": "accounts.petseeker",
    "pk": 6,
    "fields": {
      "password": "pbkdf2_sha256$600000$vOhvSb09KI6RGvQcfp4AWH$xo93NAapNcliNcvVcM5bbbrwSGiFZxVZeXzWwdfyD1Y=",
      "last_login": null,
      "is_superuser": false,
      "username": "Shelter1",
      "first_name": "",
      "last_name": "",
      "email": "shelter1@gmail.ca",
      "is_staff": false,
      "is_active": true,
      "date_joined": "2023-11-12T00:54:09.583Z",
      "profile_image": "",
      "location": null,
      "groups": [],
      "user_permissions": []
    }
  },
  {
    "model": "accounts.petseeker",
    "pk": 7,
    "fields": {
      "password": "pbkdf2_sha256$600000$FX7abhYghTmx6c12FR7TaG$bU5b2a8/9ERSEyp9QLFETxzYo0IPS1TCb/n+0TijNnU=",
      "last_login": null,
      "is_superuser": false,
      "username": "seeker2",
      "first_name": "jack",
      "last_name": "sun",
      "email": "jack2@gmail.com",
      "is_staff": false,
      "is_active": true,
      "date_joined": "2023-11-12T00:55:37.322Z",
      "profile_image": "profile_images/winter.jpeg",
      "location": "Canada",
      "groups": [],
      "user_permissions": []
    }
  },
  {
    "model": "accounts.petseeker",
    "pk": 8,
    "fields": {
      "password": "pbkdf2_sha256$600000$VwapQpGHSCV2AD6crnbZ1V$73i/yrCPw8HVuFEus4asASG4XHhpWINxt0mEaIs+WXY=",
      "last_login": null,
      "is_superuser": false,
      "username": "Shelter2",
      "first_name": "",
      "last_name": "",
      "email": "shelter2@gmail.ca",
      "is_staff": false,
      "is_active": true,
      "date_joined": "2023-11-12T01:46:49.546Z",
      "profile_image": "",
      "location": null,
      "groups": [],
      "user_permissions": []
    }
  },
  {
    "model": "accounts.petseeker",
    "pk": 9,
    "fields": {
      "password": "pbkdf2_sha256$600000$Fvdxj7yl2xdnVRjrXKO4iI$EyTWZ+TTQjdb4+DC1I9s7DBLwtP95DZCS2ZJMY/ptTY=",
      "last_login": "2023-11-12T06:11:50.709Z",
      "is_superuser": true,
      "username": "a",
      "first_name": "",
      "last_name": "",
      "email": "",
      "is_staff": true,
      "is_active": true,
      "date_joined": "2023-11-12T06:11:29.775Z",
      "profile_image": "",
      "location": null,
      "groups": [],
      "user_permissions": []
    }
  },
  {
    "model": "accounts.petseeker",
    "pk": 10,
    "fields": {
      "password": "pbkdf2_sha256$600000$4mDKtUsHwbRlTAGFshH5cB$ZIlepaCmRf+HjCcpx7DOsicGOS3v236Wg2+6ttP3U/c=",
      "last_login": null,
      "is_superuser": false,
      "username": "shelter3",
      "first_name": "",
      "last_name": "",
      "email": "shelter3@exampole.ca",
      "is_staff": false,
      "is_active": true,
      "date_joined": "2023-11-12T12:59:10.291Z",
      "profile_image": "",
      "location": null,
      "groups": [],
      "user_permissions": []
    }
  },
  {
    "model": "accounts.petseeker",
    "pk": 11,
    "fields": {
      "password": "pbkdf2_sha256$600000$bjvdXmuFXTPUbil8c9VucA$rTSvZEM2f+b5wRHhDgJ5CDX5x+MF4PxPM0t43peIwBc=",
      "last_login": null,
      "is_superuser": false,
      "username": "seeker3",
      "first_name": "jack",
      "last_name": "sun",
      "email": "s3@gmail.com",
      "is_staff": false,
      "is_active": true,
      "date_joined": "2023-11-13T21:11:45.250Z",
      "profile_image": "profile_images/IMG_79324398193B-1.jpeg",
      "location": "Canada",
      "groups": [],
      "user_permissions": []
    }
  },

  {
    "model": "accounts.petshelter",
    "pk": 1,
    "fields": {
      "user": 6,
      "organization_name": "Toronto Shelter",
      "logo_image": "logo_images/winter.jpeg",
      "phone_number": "+16473081980",
      "mission_statement": "Provide safe place ajaj",
      "country": "Country",
      "address1": "123 Bronze Street",
      "address2": "",
      "city": "Toronto",
      "state": "ON",
      "zip": "V6M4H1"
    }
  },
  {
    "model": "accounts.petshelter",
    "pk": 2,
    "fields": {
      "user": 8,
      "organization_name": "Toronto Shelter",
      "logo_image": "logo_images/winter_WspkeQP.jpeg",
      "phone_number": "+16473081980",
      "mission_statement": "Provide safe place for pets",
      "country": "Country",
      "address1": "123 Main Street",
      "address2": "",
      "city": "Vancouver",
      "state": "BC",
      "zip": "V6M4H1"
    }
  },
  {
    "model": "accounts.petshelter",
    "pk": 3,
    "fields": {
      "user": 10,
      "organization_name": "Best Pet Shelter",
      "logo_image": "",
      "phone_number": "+16044011234",
      "mission_statement": "\"Our mission is to provide a safe haven for pets.",
      "country": "Canada",
      "address1": "123 Main Street",
      "address2": null,
      "city": "Toronto",
      "state": "ON",
      "zip": "MW34E3"
    }
  },
  {
    "model": "applications.application",
    "pk": 1,
    "fields": {
      "applicant": 5,
      "pet_listing": 2,
      "shelter": 1,
      "status": "Pending",
      "creation_time": "2023-11-12T14:42:36.866Z",
      "last_update_time": "2023-11-12T14:42:36.866Z",
      "pet_name": "Franks",
      "owner_name": "Jack",
      "area_code": "1234",
      "phone_number": "1234567890",
      "email": "example@example.com",
      "address1": "123 Main St",
      "address2": null,
      "city": "City",
      "state": "State",
      "zip": "12345",
      "country": "Country",
      "pet_ownership": "yes",
      "breed": "Golden Doodle",
      "past_pet": "NA",
      "home_ownership": "own",
      "signature": "Jack"
    }
  },
  {
    "model": "applications.application",
    "pk": 2,
    "fields": {
      "applicant": 11,
      "pet_listing": 2,
      "shelter": 1,
      "status": "Withdrawn",
      "creation_time": "2023-11-13T21:24:07.018Z",
      "last_update_time": "2023-11-13T21:41:30.028Z",
      "pet_name": "Cindy",
      "owner_name": "seeker3",
      "area_code": "1234",
      "phone_number": "1234567890",
      "email": "example@example.com",
      "address1": "123 Main St",
      "address2": null,
      "city": "City",
      "state": "State",
      "zip": "12345",
      "country": "Country",
      "pet_ownership": "yes",
      "breed": "Boston Terrier",
      "past_pet": "NA",
      "home_ownership": "own",
      "signature": "seeker3"
    }
  },
  {
    "model": "pet_listing.petlisting",
    "pk": 1,
    "fields": {
      "shelter": 1,
      "species": "Dog",

      "pet_name": "Franks",
      "status": "Available",
      "publication_date": "2023-11-09T22:46:22.212Z",
      "gender": "Male",
      "age": 10,
      "breed": "Golden Doodle",
      "size": "Large",
      "location": "",
      "behavior_aggresive": 0,
      "behavior_social": 0,
      "behavior_noisy": 0,
      "behavior_scared": 0,
      "behavior_friendly": 0,
      "medical_history": "OLD",
      "requirements": "Medicines",
      "additional_comments": "fun"
    }
  },
  {
    "model": "pet_listing.petlisting",
    "pk": 2,
    "fields": {
      "shelter": 1,
      "species": "Dog",

      "pet_name": "Cindy",
      "status": "Available",
      "publication_date": "2023-11-09T22:47:33.628Z",
      "gender": "Female",
      "age": 2,
      "breed": "Boston Terrier",
      "size": "Small",
      "location": "",
      "behavior_aggresive": 0,
      "behavior_social": 0,
      "behavior_noisy": 0,
      "behavior_scared": 0,
      "behavior_friendly": 0,
      "medical_history": "OLD",
      "requirements": "Medicines",
      "additional_comments": "fun"
    }
  },
  {
    "model": "pet_listing.petlisting",
    "pk": 3,
    "fields": {
      "shelter": 2,
      "species": "Dog",

      "pet_name": "Oldy",
      "status": "Withdrawn",
      "publication_date": "2023-11-09T22:48:29.195Z",
      "gender": "Male",
      "age": 100,
      "breed": "Australian Terrier",
      "size": "Small",
      "location": "",
      "behavior_aggresive": 0,
      "behavior_social": 0,
      "behavior_noisy": 0,
      "behavior_scared": 0,
      "behavior_friendly": 0,
      "medical_history": "OLD",
      "requirements": "Medicines",
      "additional_comments": "fun"
    }
  },
  {
    "model": "pet_listing.petlisting",
    "pk": 4,
    "fields": {
      "shelter": 2,
      "species": "Dog",

      "pet_name": "Oldy2",
      "status": "Adopted",
      "publication_date": "2023-11-09T22:49:04.874Z",
      "gender": "Female",
      "age": 100,
      "breed": "Golden Doodle",
      "size": "Medium",
      "location": "",
      "behavior_aggresive": 0,
      "behavior_social": 0,
      "behavior_noisy": 0,
      "behavior_scared": 0,
      "behavior_friendly": 0,
      "medical_history": "OLD",
      "requirements": "Medicines",
      "additional_comments": "fun"
    }
  },
  {
    "model": "pet_listing.petlisting",
    "pk": 5,
    "fields": {
      "shelter": 2,
      "species": "Dog",

      "pet_name": "Sally",
      "status": "Adopted",
      "publication_date": "2023-11-09T22:49:37.785Z",
      "gender": "Female",
      "age": 50,
      "breed": "Boston Terrier",
      "size": "Small",
      "location": "",
      "behavior_aggresive": 5,
      "behavior_social": 0,
      "behavior_noisy": 0,
      "behavior_scared": 0,
      "behavior_friendly": 0,
      "medical_history": "OLD",
      "requirements": "Medicines",
      "additional_comments": "fun"
    }
  },
  {
    "model": "pet_listing.petlisting",
    "pk": 6,
    "fields": {
      "shelter": 2,
      "species": "Dog",

      "pet_name": "Sally",
      "status": "Pending",
      "publication_date": "2023-11-09T22:50:55.628Z",
      "gender": "Female",
      "age": 1,
      "breed": "Golden Doodle",
      "size": "Large",
      "location": "",
      "behavior_aggresive": 5,
      "behavior_social": 0,
      "behavior_noisy": 0,
      "behavior_scared": 0,
      "behavior_friendly": 0,
      "medical_history": "She not good health",
      "requirements": "Medicines",
      "additional_comments": "fun"
    }
  },
  {
    "model": "pet_listing.petlisting",
    "pk": 7,
    "fields": {
      "shelter": 2,
      "pet_name": "Chad",
      "species": "Dog",

      "status": "Available",
      "publication_date": "2023-11-09T22:51:41.815Z",
      "gender": "Male",
      "age": 3,
      "breed": "Golden Doodle",
      "size": "Large",
      "location": "",
      "behavior_aggresive": 5,
      "behavior_social": 0,
      "behavior_noisy": 0,
      "behavior_scared": 0,
      "behavior_friendly": 0,
      "medical_history": "He not good health",
      "requirements": "Medicines",
      "additional_comments": "fun"
    }
  },
  {
    "model": "pet_listing.petlisting",
    "pk": 8,
    "fields": {
      "shelter": 1,
      "species": "Dog",

      "pet_name": "Chad's Son",
      "status": "Available",
      "publication_date": "2023-11-09T22:52:34.859Z",
      "gender": "Male",
      "age": 1,
      "breed": "Australian Terrier",
      "size": "Small",
      "location": "",
      "behavior_aggresive": 5,
      "behavior_social": 0,
      "behavior_noisy": 0,
      "behavior_scared": 0,
      "behavior_friendly": 0,
      "medical_history": "He not good health",
      "requirements": "Medicines",
      "additional_comments": "fun"
    }
  },
  {
    "model": "pet_listing.petlisting",
    "pk": 9,
    "fields": {
      "shelter": 1,
      "species": "Dog",

      "pet_name": "ChiChi",
      "status": "Available",
      "publication_date": "2023-11-09T22:53:12.079Z",
      "gender": "Male",
      "age": 12,
      "breed": "Australian Terrier",
      "size": "Medium",
      "location": "",
      "behavior_aggresive": 5,
      "behavior_social": 0,
      "behavior_noisy": 0,
      "behavior_scared": 0,
      "behavior_friendly": 0,
      "medical_history": "He not good health",
      "requirements": "Medicines",
      "additional_comments": "fun"
    }
  },
  {
    "model": "pet_listing.petlisting",
    "pk": 10,
    "fields": {
      "shelter": 1,
      "species": "Dog",
      "pet_name": "Xeres",
      "status": "Pending",
      "publication_date": "2023-11-09T22:54:27.849Z",
      "gender": "Female",
      "age": 23,
      "breed": "Australian Terrier",
      "size": "Large",
      "location": "",
      "behavior_aggresive": 5,
      "behavior_social": 0,
      "behavior_noisy": 0,
      "behavior_scared": 0,
      "behavior_friendly": 0,
      "medical_history": "very healthy",
      "requirements": "Medicines",
      "additional_comments": "fun"
    }
  },
  {
    "model": "pet_listing.petlistingimage",
    "pk": 1,
    "fields": {
      "pet_listing": 1,
      "image": "pet_listing_images/n02110958_15877_L68GQH2.jpg"
    }
  },
  {
    "model": "pet_listing.petlistingimage",
    "pk": 2,
    "fields": {
      "pet_listing": 2,
      "image": "pet_listing_images/n02110958_15877_xNnXdHI.jpg"
    }
  },
  {
    "model": "pet_listing.petlistingimage",
    "pk": 3,
    "fields": {
      "pet_listing": 3,
      "image": "pet_listing_images/n02110958_15877_t4IR3nn.jpg"
    }
  },
  {
    "model": "pet_listing.petlistingimage",
    "pk": 4,
    "fields": {
      "pet_listing": 4,
      "image": "pet_listing_images/n02110958_15877_kP9x5x3.jpg"
    }
  },
  {
    "model": "pet_listing.petlistingimage",
    "pk": 5,
    "fields": {
      "pet_listing": 5,
      "image": "pet_listing_images/n02110958_15877_rU87Jef.jpg"
    }
  },
  {
    "model": "pet_listing.petlistingimage",
    "pk": 6,
    "fields": {
      "pet_listing": 6,
      "image": "pet_listing_images/n02110958_15877_WNVHhQm.jpg"
    }
  },
  {
    "model": "pet_listing.petlistingimage",
    "pk": 7,
    "fields": {
      "pet_listing": 7,
      "image": "pet_listing_images/n02110958_15877_DAXKLqj.jpg"
    }
  },
  {
    "model": "pet_listing.petlistingimage",
    "pk": 8,
    "fields": {
      "pet_listing": 8,
      "image": "pet_listing_images/n02110958_15877_aSV9IV7.jpg"
    }
  },
  {
    "model": "pet_listing.petlistingimage",
    "pk": 9,
    "fields": {
      "pet_listing": 9,
      "image": "pet_listing_images/n02110958_15877_GTPuUvD.jpg"
    }
  },
  {
    "model": "pet_listing.petlistingimage",
    "pk": 10,
    "fields": {
      "pet_listing": 10,
      "image": "pet_listing_images/n02110958_15877_l7Cypst.jpg"
    }
  },
  {
    "model": "comments.sheltercomment",
    "pk": 1,
    "fields": {
      "body": "This shelter is not so great...",
      "created_at": "2023-11-12T20:11:13.452Z",
      "updated_at": "2023-11-12T20:11:13.452Z",
      "author": 5,
      "shelter": 1,
      "rating": 2
    }
  },
  {
    "model": "comments.sheltercomment",
    "pk": 2,
    "fields": {
      "body": "This shelter is amazing",
      "created_at": "2023-11-12T20:11:37.479Z",
      "updated_at": "2023-11-12T20:11:37.479Z",
      "author": 7,
      "shelter": 1,
      "rating": 5
    }
  },
  {
    "model": "comments.reply",
    "pk": 1,
    "fields": {
      "body": "I loved them!",
      "created_at": "2023-11-12T20:11:48.814Z",
      "updated_at": "2023-11-12T20:11:48.814Z",
      "author": 7,
      "parent": 1
    }
  },
  {
    "model": "comments.applicationcomment",
    "pk": 1,
    "fields": {
      "body": "We'll look into it today.",
      "created_at": "2023-11-12T20:12:44.086Z",
      "updated_at": "2023-11-12T20:12:44.086Z",
      "author": 6,
      "application": 1
    }
  },
  {
    "model": "comments.applicationcomment",
    "pk": 2,
    "fields": {
      "body": "We'll look into your application today",
      "created_at": "2023-11-12T20:18:28.206Z",
      "updated_at": "2023-11-12T20:18:28.206Z",
      "author": 6,
      "application": 1
    }
  },
  {
    "model": "comments.applicationcomment",
    "pk": 3,
    "fields": {
      "body": "Thank you!",
      "created_at": "2023-11-12T20:20:11.454Z",
      "updated_at": "2023-11-12T20:20:11.454Z",
      "author": 5,
      "application": 1
    }
  },
  {
    "model": "notification.notification",
    "pk": 1,
    "fields": {
      "seeker": 5,
      "message": "Some message here",
      "creation_date": "2023-11-13T03:39:37.513Z",
      "was_read": true,
      "link": "/pet_listing/7",
      "notification_type": "Pet Listing",
      "notification_type_id": 7
    }
  },
  {
    "model": "notification.notification",
    "pk": 2,
    "fields": {
      "seeker": 5,
      "message": "Some message here",
      "creation_date": "2023-11-13T03:40:40.862Z",
      "was_read": false,
      "link": "/comments/shelter/1",
      "notification_type": "Review Comment",
      "notification_type_id": 2
    }
  },
  {
    "model": "notification.notification",
    "pk": 3,
    "fields": {
      "seeker": 5,
      "message": "Some message here",
      "creation_date": "2023-11-13T03:43:58.916Z",
      "was_read": false,
      "link": "/comments/shelter/1",
      "notification_type": "Review Reply",
      "notification_type_id": 1
    }
  },
  {
    "model": "notification.notification",
    "pk": 5,
    "fields": {
      "seeker": 5,
      "message": "Some message here2",
      "creation_date": "2023-11-13T03:46:32.156Z",
      "was_read": false,
      "link": "/applications/1/",
      "notification_type": "Application",
      "notification_type_id": 1
    }
  },
  {
    "model": "notification.notification",
    "pk": 6,
    "fields": {
      "seeker": 5,
      "message": "Some message here2",
      "creation_date": "2023-11-13T03:48:12.280Z",
      "was_read": false,
      "link": "/comments/application/1",
      "notification_type": "Application Comment",
      "notification_type_id": 3
    }
  }
]
